
{
  "cli": {
    "version": ">= 5.9.1"
  },
  "build": {
    "development": {
      "developmentClient": true,
      "distribution": "internal",
      "android": {
        "buildType": "apk"
      }
    },
    "preview": {
      "distribution": "internal",
      "android": {
        "buildType": "apk",
        "gradleCommand": ":app:assembleRelease"
      }
    },
    "production": {
      "autoIncrement": true,
      "android": {
        "buildType": "apk"
      }
    },
    "apk": {
      "android": {
        "buildType": "apk"
      }
    },
    "local": {
      "android": {
        "buildType": "apk",
        "distribution": "internal",
        "withoutCredentials": true
      }
    }
  }
}
